City_ID,City,Lat,Lng,Max Temp,Humidity,Cloudiness,Wind Speed,Country,Date
0,grytviken,-54.2811,-36.5092,0.9000000000000341,74,52,3.04,GS,1704157015
1,edinburgh of the seven seas,-37.0676,-12.3116,16.57000000000005,90,100,2.13,SH,1704157016
2,atafu village,-8.5421,-172.5159,28.760000000000048,68,100,1.31,TK,1704157017
3,puerto colombia,10.9878,-74.9547,27.050000000000015,79,11,11.9,CO,1704157018
4,la sarre,48.8002,-79.1996,-5.17999999999995,73,98,5.59,CA,1704156899
5,port-aux-francais,-49.35,70.2167,4.760000000000046,96,100,16.52,TF,1704157019
6,longyearbyen,78.2186,15.6401,-3.089999999999975,68,40,8.75,SJ,1704157020
7,bandon,51.7469,-8.7425,10.770000000000037,94,100,7.18,IE,1704157020
8,yellowknife,62.456,-114.3525,-16.70999999999998,85,100,4.63,CA,1704156930
9,hithadhoo,-0.6,73.0833,27.52000000000004,76,84,1.35,MV,1704157022
10,afaahiti,-17.75,-149.2833,29.930000000000007,77,100,4.59,PF,1704157023
11,cockburn town,21.4612,-71.1419,25.32000000000005,77,100,8.88,TC,1704156725
12,rabigh,22.7986,39.0349,23.18000000000001,60,0,2.96,SA,1704157025
13,ponta delgada,37.7333,-25.6667,18.439999999999998,94,75,6.17,PT,1704157025
14,adamstown,-25.066,-130.1015,23.29000000000002,82,100,4.15,PN,1704157026
15,mont-dore,-22.2833,166.5833,34.99000000000001,92,64,6.18,NC,1704157027
16,port alfred,-33.5906,26.891,18.99000000000001,90,97,2.24,ZA,1704157028
17,kendari,-3.945,122.4989,30.220000000000027,69,98,1.18,ID,1704157029
18,flying fish cove,-10.4217,105.6791,28.82000000000005,78,75,5.14,CX,1704157030
19,waitangi,-43.9535,-176.5597,16.010000000000048,77,100,3.13,NZ,1704157030
20,susuman,62.7833,148.1667,-34.44999999999999,98,100,0.89,RU,1704157031
21,portland,45.5234,-122.6762,7.710000000000036,84,100,3.13,US,1704156889
22,maragogi,-9.0122,-35.2225,26.720000000000027,76,11,3.71,BR,1704157033
23,ndjole,-0.1783,10.7649,24.05000000000001,98,100,0.79,GA,1704157033
24,albany,42.6001,-73.9662,-2.479999999999962,74,0,3.58,US,1704157034
25,kerikeri,-35.2268,173.9474,23.28000000000003,67,4,3.52,NZ,1704157035
26,belo sur tsiribihina,-19.7,44.55,25.960000000000036,89,100,5.64,MG,1704157036
27,olonkinbyen,70.9221,-8.7187,0.08000000000004251,99,100,5.0,SJ,1704157036
28,kamalapuram,14.5833,78.65,17.53000000000003,91,100,2.04,IN,1704157037
29,birobidzhan,48.8,132.95,-21.769999999999982,90,17,1.63,RU,1704157038
30,bredasdorp,-34.5322,20.0403,18.840000000000035,92,40,5.1,ZA,1704157039
31,saipan,15.1355,145.701,30.39000000000005,74,75,5.66,MP,1704157040
32,ilulissat,69.2167,-51.1,-17.96999999999997,73,27,3.69,GL,1704157040
33,bethel,41.3712,-73.414,3.8500000000000236,72,100,0.45,US,1704157041
34,kirkagac,39.1064,27.6693,9.29000000000002,91,12,1.38,TR,1704157042
35,bilibino,68.0546,166.4372,-27.649999999999977,92,100,0.89,RU,1704157043
36,tiksi,71.6872,128.8694,-29.349999999999966,100,100,0.63,RU,1704157043
37,codrington,-38.2667,141.9667,18.680000000000007,87,100,5.81,AU,1704157044
38,ocean city,39.2776,-74.5746,6.140000000000043,82,100,0.89,US,1704157050
39,thompson,55.7435,-97.8558,-5.909999999999967,86,100,5.14,CA,1704157050
40,salekhard,66.53,66.6019,-31.29999999999998,98,63,2.46,RU,1704157051
41,pandan,14.0453,124.1694,26.93000000000001,84,97,2.75,PH,1704157052
42,point pedro,9.8167,80.2333,25.610000000000014,72,100,5.07,LK,1704157053
43,blackmans bay,-43.0167,147.3167,19.29000000000002,75,97,2.01,AU,1704157055
44,akureyri,65.6835,-18.0878,3.9600000000000355,75,100,4.12,IS,1704157055
45,sisimiut,66.9395,-53.6735,-9.46999999999997,63,100,6.42,GL,1704157056
46,tyukhtet,56.5389,89.3011,-2.149999999999977,96,100,4.98,RU,1704157057
47,hawaiian paradise park,19.5933,-154.9731,26.730000000000018,77,20,5.66,US,1704157058
48,le vauclin,14.5452,-60.8388,25.030000000000033,83,0,0.51,MQ,1704157058
49,vorgashor,67.5833,63.95,-32.44999999999999,100,9,1.58,RU,1704157059
50,whitehorse,60.7161,-135.0538,-12.569999999999993,85,100,1.54,CA,1704157061
51,ushuaia,-54.8,-68.3,11.810000000000002,82,0,3.6,AR,1704157062
52,nagqu,31.5,92.0,-14.149999999999977,77,100,1.07,CN,1704157064
53,keetmanshoop,-26.5833,18.1333,26.510000000000048,41,74,3.6,NA,1704157064
54,ribeira grande,38.5167,-28.7,18.210000000000036,93,100,6.26,PT,1704157065
55,puerto natales,-51.7236,-72.4875,12.410000000000025,90,100,1.11,CL,1704157066
56,amga,60.8953,131.9608,-27.25999999999999,100,97,0.5,RU,1704157067
57,myeik,12.4333,98.6,24.930000000000007,76,24,1.31,MM,1704157067
58,west island,-12.1568,96.8225,26.990000000000013,89,96,9.26,CC,1704157068
59,sanctuary point,-35.1114,150.629,27.770000000000042,67,58,6.42,AU,1704157070
60,tazovsky,67.4667,78.7,-30.69999999999999,97,6,4.08,RU,1704157071
61,isafjordur,66.0755,-23.124,3.3000000000000105,97,100,7.75,IS,1704157072
62,avarua,-21.2078,-159.775,27.03000000000003,74,75,6.69,CK,1704157073
63,mount isa,-20.7333,139.5,33.870000000000005,46,33,3.6,AU,1704157074
64,bengkulu,-3.8004,102.2655,25.390000000000047,87,100,1.3,ID,1704157075
65,yaren,-0.5472,166.916,29.31000000000001,71,0,7.41,NR,1704157076
66,kone,-21.0595,164.8658,32.85000000000002,46,24,1.97,NC,1704157077
67,kasane,-17.8167,25.15,22.140000000000043,78,92,1.24,BW,1704157077
68,pamandzi,-12.7967,45.2794,29.879999999999995,79,20,4.63,YT,1704157078
69,deqen,29.9618,90.7188,-6.579999999999985,63,90,0.95,CN,1704157079
70,weno,7.4515,151.8468,27.970000000000027,94,100,4.12,FM,1704157080
71,timimoun,29.2639,0.231,14.210000000000036,33,0,2.57,DZ,1704157080
72,kirakira,-10.4544,161.9205,30.75,68,100,3.05,SB,1704157081
73,georgetown,5.4112,100.3354,26.960000000000036,93,20,2.06,MY,1704156841
74,chul'man,56.8479,124.9104,-31.44999999999999,100,100,0.76,RU,1704157083
75,lata,40.1629,-8.3327,9.490000000000009,87,100,1.81,PT,1704157084
76,jackson,42.4165,-122.8345,8.170000000000018,80,0,0.0,US,1704156841
77,hasaki,35.7333,140.8333,7.3799999999999955,58,95,5.49,JP,1704157086
78,chonchi,-42.6128,-73.8092,12.900000000000034,92,84,1.37,CL,1704157087
79,namibe,-15.1961,12.1522,22.06,66,10,4.89,AO,1704157088
80,jamestown,42.097,-79.2353,-0.22999999999996135,98,100,4.12,US,1704157089
81,invercargill,-46.4,168.35,16.680000000000007,73,100,8.49,NZ,1704157090
82,argo,37.6333,22.7333,11.550000000000011,75,100,1.75,GR,1704157090
83,pinheiro machado,-31.5783,-53.3811,18.360000000000017,94,89,4.66,BR,1704157091
84,tura,25.5198,90.2201,13.530000000000031,69,0,1.34,IN,1704157092
85,burang,30.25,81.1667,-10.5,63,0,1.36,CN,1704157093
86,palia kalan,28.45,80.5833,9.120000000000006,65,0,1.42,IN,1704157094
87,vadso,70.0744,29.7487,-12.909999999999968,72,100,5.14,NO,1704157095
88,lompoc,34.6391,-120.4579,17.08000000000004,63,0,5.14,US,1704157052
89,kapuskasing,49.4169,-82.4331,-2.9499999999999895,80,100,6.69,CA,1704157098
90,ceeldheer,3.8488,47.1806,24.330000000000037,79,100,7.1,SO,1704157099
91,talnakh,69.4865,88.3972,-29.889999999999986,87,58,0.64,RU,1704157100
92,yangambi,0.8102,24.4336,22.84000000000003,81,100,0.99,CD,1704157101
93,holualoa,19.6228,-155.9522,25.910000000000025,70,40,5.66,US,1704157102
94,raja,8.4596,25.678,20.600000000000023,22,8,2.13,SS,1704157103
95,leczyca,52.0596,19.1997,4.74000000000001,90,98,4.72,PL,1704157104
96,ippy,6.2679,21.2247,23.350000000000023,28,4,2.12,CF,1704157105
97,puerto ayora,-0.7393,-90.3518,25.310000000000002,96,44,0.89,EC,1704157106
98,margaret river,-33.95,115.0667,20.820000000000046,60,16,6.36,AU,1704156974
99,mogadishu,2.0371,45.3438,25.910000000000025,81,100,7.68,SO,1704157108
100,taulaga,-11.0553,-171.0883,28.90000000000004,70,42,1.96,AS,1704157108
101,san patricio,28.017,-97.5169,16.920000000000016,65,100,4.35,US,1704157109
102,muang xay,20.7,101.9833,16.760000000000048,75,0,0.25,LA,1704157110
103,carnarvon,-24.8667,113.6333,25.390000000000047,55,1,11.41,AU,1704157112
104,aasiaat,68.7098,-52.8699,-18.489999999999984,89,58,5.46,GL,1704157113
105,hermanus,-34.4187,19.2345,19.890000000000043,88,0,5.5,ZA,1704157114
106,rustenburg,-25.6676,27.2421,20.520000000000035,70,6,5.82,ZA,1704157115
107,merizo village,13.2658,144.6691,29.99000000000001,86,51,5.7,GU,1704157116
108,petropavlovsk-kamchatsky,53.0452,158.6483,-15.669999999999959,47,0,4.0,RU,1704157117
109,kayangel,8.0823,134.7173,28.840000000000032,71,46,4.18,PW,1704157118
110,dryden,49.7833,-92.7503,-3.839999999999976,86,20,6.17,CA,1704157119
111,swift current,50.2834,-107.8014,-2.5499999999999545,100,100,5.66,CA,1704156824
112,malindi,-3.2175,40.1191,26.70000000000005,85,100,4.75,KE,1704157120
113,quchan,37.106,58.5095,1.2600000000000477,69,77,1.1,IR,1704157121
114,wanning,18.8003,110.3967,22.95000000000005,85,98,2.65,CN,1704157122
115,stanley,54.868,-1.6985,5.400000000000035,94,75,5.14,GB,1704157122
116,mili,6.0815,171.735,28.03000000000003,79,20,9.49,MH,1704157123
117,tadine,-21.55,167.8833,28.03000000000003,68,13,5.8,NC,1704157124
118,santiago de cao,-7.9589,-79.2392,22.070000000000046,83,75,5.66,PE,1704157125
119,lamarque,-39.423,-65.7021,23.620000000000005,56,88,10.7,AR,1704157126
120,ghormach,35.7306,63.7826,6.58000000000004,41,100,2.23,AF,1704157127
121,mount gambier,-37.8333,140.7667,23.210000000000036,60,100,4.86,AU,1704157128
122,kodiak,57.79,-152.4072,3.730000000000019,87,100,12.35,US,1704157129
123,al ghayzah,16.2079,52.176,22.23000000000002,83,2,1.61,YE,1704157130
124,tauranga,-37.6861,176.1667,23.970000000000024,59,8,3.18,NZ,1704157130
125,sao vicente,-23.9631,-46.3919,25.150000000000038,26,37,3.18,BR,1704156930
126,punta arenas,-53.15,-70.9167,18.060000000000006,55,75,7.72,CL,1704157132
127,rikaze,29.25,88.8833,-8.70999999999998,51,0,1.36,CN,1704157133
128,singaparna,-7.3515,108.111,25.520000000000035,86,100,0.82,ID,1704157134
129,howard springs,-12.497,131.047,33.79000000000001,80,88,1.54,AU,1704157134
130,leava,-14.3,-178.1667,28.14000000000004,76,92,5.41,WF,1704157135
131,emmett,43.8735,-116.4993,3.9399999999999995,87,0,0.29,US,1704157136
132,bakchar,57.0186,82.0711,-0.810000000000003,96,100,4.78,RU,1704157137
133,bageshwar,29.85,79.7667,6.220000000000026,41,0,1.33,IN,1704157138
134,vilyuysk,63.7553,121.6247,-26.10999999999999,98,100,2.24,RU,1704157139
135,karratha,-20.7377,116.8463,34.390000000000036,31,0,4.97,AU,1704157139
136,hamilton,39.1834,-84.5333,3.010000000000047,81,100,2.57,US,1704157140
137,taoudenni,22.6783,-3.9836,19.060000000000002,19,96,4.03,ML,1704157141
138,puerto ayacucho,5.6639,-67.6236,28.27000000000004,68,100,1.89,VE,1704157142
139,suoyarvi,62.0833,32.35,-24.069999999999965,99,67,2.37,RU,1704157143
140,hit,33.6416,42.8251,12.280000000000031,57,100,0.13,IQ,1704157144
141,krasnyy chikoy,50.3643,108.7512,-21.45999999999998,98,58,0.73,RU,1704157145
142,siwa oasis,29.2041,25.5195,13.240000000000009,61,0,2.06,EG,1704157146
143,the pas,53.8251,-101.2541,-0.9899999999999527,86,100,5.66,CA,1704157146
144,la romana,18.4273,-68.9728,24.20000000000005,88,20,2.57,DO,1704157147
145,tianpeng,30.9866,103.9393,6.230000000000019,79,35,0.89,CN,1704157149
146,lihue,21.9789,-159.3672,25.77000000000004,69,20,7.72,US,1704157150
147,raholt,60.2667,11.1833,-6.569999999999992,89,75,4.12,NO,1704157151
148,keflavik,64.0049,-22.5624,4.9500000000000455,81,75,8.23,IS,1704157152
149,alice springs,-23.7,133.8833,35.75,11,3,4.12,AU,1704157153
150,badger,64.8,-147.5333,-24.99999999999997,79,0,0.0,US,1704157154
151,mount pearl,47.5166,-52.7813,-2.799999999999954,82,75,4.12,CA,1704157154
152,broken hill,-31.95,141.4333,35.60000000000002,24,100,10.23,AU,1704157155
153,luuq,3.7938,42.5445,26.120000000000005,56,97,2.76,SO,1704157156
154,sinnar,13.5691,33.5672,21.79000000000002,33,67,4.97,SD,1704157157
155,morales,2.757,-76.6172,16.74000000000001,98,100,0.39,CO,1704157158
156,tazacorte,28.629,-17.9293,19.53000000000003,84,20,2.57,ES,1704157159
157,chagoda,59.164,35.3285,-29.839999999999975,100,8,1.35,RU,1704157160
158,sohar,24.3643,56.7468,22.340000000000032,60,0,3.27,OM,1704157161
159,buckeye,33.3703,-112.5838,15.550000000000011,45,100,1.1,US,1704157106
160,itupiranga,-5.1347,-49.3267,28.18000000000001,92,87,1.12,BR,1704157163
161,bahia de kino,28.8333,-111.9333,18.29000000000002,62,0,4.55,MX,1704157164
162,rabaul,-4.1967,152.1721,29.350000000000023,71,11,1.64,PG,1704157165
163,iqaluit,63.7506,-68.5145,-23.149999999999977,64,75,4.12,CA,1704157165
164,nainpur,22.4333,80.1167,14.939999999999998,66,0,1.16,IN,1704157166
165,bryne,58.7354,5.6477,2.2100000000000364,63,0,8.23,NO,1704157167
166,marsabit,2.3284,37.9899,20.710000000000036,58,33,2.56,KE,1704157168
167,mahina,-17.5065,-149.489,30.870000000000005,70,40,3.09,PF,1704157169
168,lianzhou,24.7811,112.3825,17.780000000000026,75,45,0.54,CN,1704157170
169,bull savanna,17.8868,-77.5902,23.360000000000017,86,20,2.45,JM,1704157171
170,novokuznetsk,53.7557,87.1099,-3.3399999999999745,90,100,2.69,RU,1704157172
171,beatrice,40.2681,-96.747,-1.949999999999989,93,100,4.12,US,1704157173
172,iguape,-24.7081,-47.5553,23.52000000000004,84,9,5.7,BR,1704157102
173,mochudi,-24.4167,26.15,23.33000000000004,59,48,5.61,BW,1704157174
174,sena madureira,-9.0656,-68.6569,23.060000000000006,97,92,1.08,BR,1704157175
175,tado,5.266,-76.5649,27.90000000000003,98,100,1.05,CO,1704157176
176,malanje,-9.5402,16.341,17.55000000000001,96,100,0.33,AO,1704157177
177,waging am see,47.9333,12.7333,4.560000000000003,85,100,2.13,DE,1704157178
178,kilindoni,-7.9139,39.6668,28.550000000000004,78,51,6.43,TZ,1704157179
179,panghyon-dong,39.8872,125.2414,-2.129999999999996,92,100,0.84,KP,1704157180
180,port shepstone,-30.7414,30.455,21.129999999999995,79,100,3.55,ZA,1704157180
181,colonia,50.9333,6.95,8.660000000000025,85,100,4.63,DE,1704157060
182,takestan,36.0696,49.6959,3.2100000000000346,82,29,0.34,IR,1704157182
183,jodhpur,26.2867,73.03,12.57000000000005,31,0,4.43,IN,1704157184
184,puerto aysen,-45.4,-72.7,15.03000000000003,82,38,2.04,CL,1704157184
185,that phanom,16.9364,104.7104,19.010000000000048,76,20,3.0,TH,1704157185
186,minot,48.2325,-101.2963,3.1200000000000037,70,75,8.23,US,1704156900
187,tocaima,4.4582,-74.6343,25.29000000000002,81,100,1.68,CO,1704157187
188,saint-louis,16.3333,-15.0,23.80000000000001,12,100,4.55,SN,1704157188
189,weiser,44.251,-116.9693,3.140000000000044,84,11,0.45,US,1704157188
190,g'uzor,38.6214,66.2522,2.020000000000037,48,100,0.84,UZ,1704157189
191,ancud,-41.8697,-73.8203,13.350000000000025,84,100,1.56,CL,1704157190
192,rio grande,-32.035,-52.0986,23.060000000000006,81,96,7.55,BR,1704157191
193,vuktyl,63.8567,57.3094,-34.37999999999997,100,11,0.89,RU,1704157192
194,la libertad,-2.2333,-80.9,24.20000000000005,81,98,3.98,EC,1704157192
195,port elizabeth,-33.918,25.5701,20.610000000000014,90,0,4.63,ZA,1704157193
196,sinabang,2.4803,96.3801,26.93000000000001,79,89,1.09,ID,1704157194
197,la passe,45.5549,-0.8967,10.129999999999997,75,100,7.61,FR,1704157195
198,tibanbang,6.6315,126.1055,26.0,87,100,3.65,PH,1704157196
199,noosa heads,-26.3833,153.15,22.28000000000003,87,100,8.45,AU,1704157196
200,urcos,-13.6861,-71.6228,12.939999999999998,88,100,2.11,PE,1704157198
201,marquelia,16.5833,-98.8167,25.370000000000005,67,6,2.94,MX,1704157199
202,juye,35.3947,116.0883,2.390000000000043,70,100,0.55,CN,1704157200
203,kenora,49.8167,-94.4337,-3.459999999999979,86,75,3.6,CA,1704156919
204,ust-nera,64.5667,143.2,-41.71999999999997,92,9,1.74,RU,1704157204
205,severoural'sk,60.1533,59.952,-25.00999999999999,94,100,3.3,RU,1704156973
206,praia da vitoria,38.7333,-27.0667,17.140000000000043,82,40,4.4,PT,1704157207
207,betio village,1.358,172.9211,28.430000000000003,79,3,6.25,KI,1704157210
208,kavaratti,10.5669,72.642,28.03000000000003,71,97,2.04,IN,1704157211
209,luganville,-15.5333,167.1667,29.78000000000003,72,84,4.01,VU,1704156994
210,papatowai,-46.5619,169.4708,16.710000000000036,58,100,4.22,NZ,1704157216
211,luderitz,-26.6481,15.1594,17.05000000000001,97,99,2.35,NA,1704157217
212,kavieng,-2.5744,150.7967,28.650000000000034,76,92,3.65,PG,1704157219
213,kapa'a,22.0752,-159.319,24.499999999999996,72,32,2.68,US,1704157219
214,kerema,-7.9631,145.7785,33.180000000000014,57,99,1.53,PG,1704157221
215,nemuro,43.3236,145.575,-2.579999999999983,76,100,5.91,JP,1704157223
216,utrik,11.2278,169.8474,27.180000000000003,75,86,9.34,MH,1704157224
217,rancho palos verdes,33.7445,-118.387,17.850000000000023,71,0,0.89,US,1704157228
218,novoagansk,61.9449,76.6625,-24.419999999999984,95,100,6.13,RU,1704157231
219,lebu,-37.6167,-73.65,14.189999999999998,83,0,8.57,CL,1704157233
220,eixo,40.6276,-8.5692,10.5,87,100,6.07,PT,1704157234
221,wailua homesteads,22.0669,-159.378,23.75,73,32,2.68,US,1704157235
222,haiterbach,48.5333,8.65,6.600000000000021,86,100,4.06,DE,1704157238
223,woodward,36.4337,-99.3904,-0.4299999999999492,80,0,3.09,US,1704157239
224,yeppoon,-23.1333,150.7333,27.88,62,53,1.67,AU,1704157241
225,pisco,-13.7,-76.2167,23.03000000000003,83,0,7.2,PE,1704157242
226,al qadarif,14.0349,35.3834,22.070000000000046,33,6,5.42,SD,1704157247
227,poronaysk,49.2167,143.1167,-12.589999999999975,79,100,1.46,RU,1704157248
228,pionerskiy,54.9508,20.2275,0.08000000000004251,87,100,10.14,RU,1704157249
229,tolanaro,-25.0319,46.9987,24.04000000000002,94,75,9.26,MG,1704157250
230,svetlogorsk,52.6333,29.7333,-3.9499999999999877,94,100,7.31,BY,1704157251
231,barra dos coqueiros,-10.9089,-37.0386,27.010000000000044,83,20,4.12,BR,1704157251
232,castillos,-34.1667,-53.8333,16.24000000000001,91,100,3.3,UY,1704157252
233,timmins,48.4669,-81.3331,-5.099999999999966,86,75,4.63,CA,1704157253
234,zhangye,38.9342,100.4517,-5.989999999999952,52,0,3.44,CN,1704157253
235,sao jose da coroa grande,-8.8978,-35.1478,25.34000000000003,84,62,1.73,BR,1704157254
236,qaqortoq,60.7167,-46.0333,-11.810000000000002,80,100,2.96,GL,1704157255
237,chibougamau,49.9168,-74.3659,-8.20999999999998,67,100,6.17,CA,1704157255
238,nekrasovskoye,57.6766,40.3657,-23.889999999999986,83,40,0.0,RU,1704157256
239,popondetta,-8.7537,148.2534,33.610000000000014,50,59,2.13,PG,1704157257
240,chatillon-sur-seine,47.8585,4.5738,7.140000000000041,88,100,9.04,FR,1704157258
241,bouca,6.5105,18.2733,22.379999999999995,25,44,1.74,CF,1704157258
242,fortaleza,-3.7227,-38.5247,28.37,92,20,1.03,BR,1704157259
243,hilo,19.7297,-155.09,26.850000000000023,76,20,5.66,US,1704157094
244,seabra,-12.4186,-41.7703,21.290000000000017,90,99,0.62,BR,1704157260
245,contamana,-7.3333,-75.0167,26.55000000000001,70,100,1.24,PE,1704157261
246,grand falls-windsor,48.9332,-55.6649,-6.3899999999999855,77,2,0.45,CA,1704157262
247,machina,13.1364,10.0492,17.980000000000018,18,11,4.53,NG,1704157264
248,north bay,46.3168,-79.4663,-4.379999999999996,83,100,5.14,CA,1704157265
249,leh,34.1667,77.5833,-8.819999999999993,48,0,1.51,IN,1704157269
250,la ronge,55.1001,-105.2842,-4.859999999999957,68,100,6.69,CA,1704157270
251,natal,-5.795,-35.2094,24.360000000000014,94,20,2.06,BR,1704157024
252,afif,23.9065,42.9172,15.590000000000032,65,0,4.28,SA,1704157273
253,porbandar,21.6422,69.6093,19.629999999999995,51,0,4.62,IN,1704157274
254,gadzhiyevo,69.2551,33.3362,-20.319999999999965,97,98,6.29,RU,1704157275
255,famagusta,35.125,33.95,14.490000000000009,97,100,1.23,CY,1704157276
256,nema,57.5067,50.5011,-28.279999999999973,98,100,2.17,RU,1704157277
257,kristiansund,63.1115,7.732,1.360000000000012,47,7,3.6,NO,1704157278
258,fortuna,40.5982,-124.1573,12.770000000000039,91,0,0.0,US,1704157280
259,vila velha,-20.3297,-40.2925,22.970000000000027,95,75,3.09,BR,1704157055
260,newman,37.3138,-121.0208,14.470000000000027,81,0,0.89,US,1704157281
261,anadyr,64.75,177.4833,-5.71999999999997,93,75,9.0,RU,1704157282
262,ust-tsilma,65.441,52.1498,-32.98999999999998,100,13,1.34,RU,1704157285
263,pechory,57.8164,27.6119,-20.299999999999983,87,92,3.62,RU,1704157286
264,nogliki,51.8333,143.1667,-15.829999999999984,92,100,1.18,RU,1704157287
265,crane,31.3974,-102.3501,9.460000000000035,44,100,4.29,US,1704157288
266,pangkalanbuun,-2.6833,111.6167,27.25,84,99,1.23,ID,1704157289
267,port saint john's,-31.6229,29.5448,20.670000000000016,82,100,3.95,ZA,1704157290
268,belmonte,-15.8631,-38.8828,25.689999999999994,87,93,3.85,BR,1704157291
269,gaspe,48.8334,-64.4819,-7.049999999999955,85,75,1.54,CA,1704157224
270,mantua,45.1667,10.7833,7.270000000000039,88,81,1.34,IT,1704157293
271,murzuq,25.9155,13.9184,12.220000000000029,41,41,3.17,LY,1704157294
272,szczecinek,53.7079,16.6994,4.2200000000000255,97,100,1.82,PL,1704157169
273,kalmunai,7.4167,81.8167,24.28000000000003,92,100,2.55,LK,1704157296
274,port mathurin,-19.6833,63.4167,27.439999999999998,79,72,5.73,MU,1704157296
275,jose maria morelos,23.3952,-103.8984,10.640000000000043,33,100,3.49,MX,1704157297
276,gillette,44.2911,-105.5022,1.6400000000000423,66,0,2.57,US,1704157104
277,starokozache,46.3372,29.9853,7.189999999999996,64,100,5.95,UA,1704157299
278,port-vila,-17.7338,168.3219,27.860000000000014,78,100,7.18,VU,1704157283
279,sainte-marie,-20.8968,55.5496,25.090000000000035,94,75,5.14,RE,1704157301
280,rizokarpaso,35.6,34.375,16.129999999999995,63,100,1.63,CY,1704157302
281,yerofey pavlovich,53.9667,121.9667,-25.96999999999997,99,92,0.94,RU,1704157303
282,dalandzadgad,43.5708,104.425,-10.509999999999991,54,0,3.05,MN,1704157304
283,dudinka,69.4058,86.1778,-29.659999999999968,91,44,5.36,RU,1704157306
284,sinop,41.7711,34.8709,7.3100000000000005,70,100,4.07,TR,1704157306
285,callao,-12.0667,-77.15,24.840000000000032,69,75,6.17,PE,1704157148
286,arica,-18.475,-70.3042,22.75,73,0,3.09,CL,1704157308
287,alofi,-19.0595,-169.9187,29.939999999999998,70,5,5.66,NU,1704157309
288,cabimas,10.3883,-71.4399,27.460000000000036,73,16,5.97,VE,1704157309
289,upata,8.0086,-62.3989,25.110000000000014,69,100,1.87,VE,1704157310
290,iskateley,67.6803,53.1512,-28.319999999999965,99,74,2.24,RU,1704157311
291,sumbe,-11.2061,13.8437,25.460000000000033,84,99,3.2,AO,1704157312
292,salmon arm,50.6998,-119.3024,5.620000000000004,81,100,1.03,CA,1704157209
293,chinde,26.8418,88.0763,7.640000000000045,67,0,2.03,NP,1704157313
294,igarka,67.4667,86.5833,-27.669999999999987,100,93,1.48,RU,1704157315
295,dul'durga,50.6761,113.5931,-18.559999999999974,95,21,1.93,RU,1704157316
296,san ignacio de velasco,-16.3667,-60.95,25.270000000000042,76,50,1.77,BO,1704157316
297,al mijlad,11.0333,27.7333,18.760000000000048,24,0,5.4,SD,1704157317
298,kingscliff,-28.2667,153.5667,25.890000000000043,73,75,8.75,AU,1704157318
299,port de pollenca,39.9075,3.0814,9.140000000000043,62,7,3.95,ES,1704157319
300,nadym,65.5333,72.5167,-30.21999999999997,92,13,4.32,RU,1704157319
301,touros,-5.1989,-35.4608,26.35000000000002,81,81,2.78,BR,1704157320
302,gaiman,-43.2897,-65.4929,16.920000000000016,70,5,7.26,AR,1704157321
303,sebastian,35.1668,-94.2669,4.310000000000001,65,3,0.64,US,1704157322
304,college,64.8569,-147.8028,-24.94999999999999,80,99,1.22,US,1704157326
305,remire-montjoly,4.9167,-52.2667,25.02000000000004,94,20,0.0,GF,1704157328
306,chimbote,-9.0853,-78.5783,22.140000000000043,80,47,4.37,PE,1704157335
307,kharp,66.8014,65.8081,-28.17999999999998,93,14,1.89,RU,1704157342
308,jeju city,33.5097,126.5219,8.960000000000036,71,20,2.06,KR,1704157343
309,russkaya polyana,49.417,31.9201,5.960000000000036,84,100,6.02,UA,1704157345
310,pacific grove,36.6177,-121.9166,15.970000000000027,80,0,2.68,US,1704157149
311,floro,61.5996,5.0328,2.980000000000018,52,100,10.29,NO,1704157346
312,haiku-pauwela,20.9219,-156.3051,26.25,60,35,8.25,US,1704157347
313,christchurch,-43.5333,172.6333,25.30000000000001,35,100,3.09,NZ,1704157071
314,tari,12.4086,4.4914,21.46000000000004,17,32,4.14,NG,1704157349
315,vilyuchinsk,52.9306,158.4028,-14.849999999999966,76,83,4.69,RU,1704157349
316,barakani,-12.1356,44.4317,28.01000000000005,79,100,4.25,KM,1704157350
317,macapa,0.0389,-51.0664,27.99000000000001,89,40,1.03,BR,1704157121
318,keene,42.9337,-72.2781,-2.6899999999999973,78,0,4.12,US,1704157352
319,dawei,14.0833,98.2,23.5,68,99,1.38,MM,1704157352
320,san luis de la loma,17.2706,-100.8939,24.550000000000015,65,2,2.21,MX,1704157354
321,qarazhal,48.0078,70.7903,-4.819999999999993,95,95,6.67,KZ,1704157355
322,vila do maio,15.1333,-23.2167,23.439999999999998,69,100,6.28,CV,1704157356
323,geraldton,-28.7667,114.6,24.230000000000018,53,0,7.2,AU,1704157235
324,onoda,34.0014,131.1836,7.990000000000011,87,20,1.03,JP,1704157357
325,antsiranana,-12.2787,49.2917,25.38,85,98,1.71,MG,1704157358
326,wau,7.7029,27.9953,23.61000000000001,26,37,2.45,SS,1704157359
327,moyynkum,44.2914,72.9469,2.740000000000009,52,37,4.47,KZ,1704157359
328,zindah jan,34.3426,61.7468,8.120000000000005,42,100,3.85,AF,1704157360
329,st. john's,47.5649,-52.7093,-2.339999999999974,82,75,4.12,CA,1704157084
330,shenjiamen,29.9576,122.298,8.850000000000023,65,6,1.39,CN,1704157362
331,levuka,50.1834,-105.4011,-3.0999999999999654,74,1,4.91,CA,1704157363
332,villamontes,-21.25,-63.5,25.83000000000004,79,100,1.94,BO,1704157363
333,murashi,59.3999,48.9615,-29.919999999999984,97,100,2.08,RU,1704157364
334,nouadhibou,20.931,-17.0347,21.990000000000013,37,100,6.69,MR,1704157365
335,inari,68.906,27.0288,-23.889999999999986,98,99,2.72,FI,1704157365
336,huntsville,34.7304,-86.5861,3.890000000000045,70,100,5.14,US,1704156707
337,stornoway,58.2093,-6.3865,4.980000000000019,84,100,5.66,GB,1704157367
338,nizhneangarsk,55.7833,109.55,-11.109999999999957,89,85,3.13,RU,1704157368
339,vryburg,-26.9566,24.7284,22.240000000000006,47,0,3.61,ZA,1704157369
340,acarau,-2.8856,-40.12,26.310000000000002,76,100,0.86,BR,1704157100
341,fale old settlement,-9.3852,-171.2468,28.689999999999998,70,100,0.79,TK,1704157371
342,constantia,44.1833,28.65,8.379999999999994,77,100,6.47,RO,1704157371
343,lugoff,34.2274,-80.6892,8.960000000000036,54,75,4.12,US,1704157372
344,sycow,51.3081,17.7198,4.170000000000016,94,100,4.93,PL,1704157373
345,kralendijk,12.15,-68.2667,27.510000000000048,73,100,6.95,BQ,1704157374
346,culebra,18.303,-65.301,26.950000000000042,94,16,5.36,PR,1704157374
347,fredericton,45.9454,-66.6656,-6.529999999999973,85,100,1.54,CA,1704157265
348,huinan,42.6225,126.2614,-5.579999999999984,94,100,1.65,CN,1704157376
349,bhamo,24.2667,97.2333,14.460000000000036,84,0,1.04,MM,1704157376
350,metlili chaamba,32.2667,3.6333,13.520000000000039,35,0,4.63,DZ,1704157377
351,udachny,66.4167,112.4,-27.629999999999963,97,100,2.51,RU,1704157378
352,adrar,20.5022,-10.0711,17.57000000000005,16,100,4.17,MR,1704157379
353,stettler,52.3168,-112.7186,-4.579999999999984,93,77,1.5,CA,1704157379
354,mikumi,-7.4041,36.9831,21.730000000000018,97,100,0.93,TZ,1704157380
355,seminole,28.7086,-81.2081,17.99000000000001,81,0,2.57,US,1704157101
356,angra do heroismo,38.65,-27.2167,17.340000000000032,91,40,3.13,PT,1704157382
357,kamina,-8.7386,24.9906,18.29000000000002,98,100,1.22,CD,1704157383
358,motueka,-41.1333,173.0167,22.830000000000044,57,31,3.71,NZ,1704157384
359,alamosa,37.4695,-105.87,-4.00999999999999,68,0,0.0,US,1704157385
360,nar'yan-mar,67.6713,53.087,-28.269999999999982,99,72,2.24,RU,1704157387
361,muynoq,43.7683,59.0214,4.490000000000008,72,6,7.87,UZ,1704157388
362,santa elena de uairen,4.6167,-61.1333,22.810000000000002,71,88,1.91,VE,1704157388
363,owando,-0.4819,15.8999,24.320000000000054,70,66,1.22,CG,1704157390
364,bhadrakh,21.0528,86.52,16.30000000000001,64,0,1.53,IN,1704157391
365,klyuchi,52.2667,79.1667,-0.810000000000003,90,100,7.95,RU,1704157391
366,ulladulla,-35.35,150.4667,25.520000000000035,66,73,6.36,AU,1704157392
367,san juan de los lagos,21.25,-102.3,17.720000000000027,29,100,3.2,MX,1704157208
368,punta del este,-34.9667,-54.95,20.49000000000001,82,75,4.92,UY,1704157394
369,reitz,-27.8014,28.4273,16.150000000000034,77,100,6.19,ZA,1704157395
370,bolu,40.6667,31.5833,5.900000000000034,82,81,1.59,TR,1704157396
371,san antonio de pale,-1.4014,5.6325,27.33000000000004,79,17,3.15,GQ,1704157397
372,serdar,38.9764,56.2757,6.660000000000023,83,43,1.34,TM,1704157399
373,antofagasta,-23.65,-70.4,19.600000000000023,81,56,2.24,CL,1704157399
374,puerto deseado,-47.7503,-65.8938,16.660000000000025,49,38,8.52,AR,1704157401
375,ghat,24.9647,10.1728,15.29000000000002,21,25,2.52,LY,1704157402
376,sitka,57.0531,-135.33,5.939999999999996,61,0,4.63,US,1704157403
377,kharan,28.5833,65.4167,14.53000000000003,35,99,1.59,PK,1704157254
378,cambria,35.5641,-121.0808,15.680000000000007,72,0,2.09,US,1704157405
379,manggar,-2.8833,108.2667,27.74000000000001,80,100,3.26,ID,1704157406
380,arraial do cabo,-22.9661,-42.0278,23.360000000000017,80,100,3.21,BR,1704157357
381,nuuk,64.1835,-51.7216,-2.6599999999999686,50,40,0.51,GL,1704157407
382,bandundu,-3.3167,17.3667,22.870000000000005,93,100,1.27,CD,1704157408
383,taganrog,47.2362,38.8969,4.470000000000027,93,100,4.36,RU,1704157409
384,noshiro,40.2039,140.0242,1.4600000000000355,64,100,4.17,JP,1704157410
385,labrador city,52.9463,-66.9114,-12.049999999999955,79,100,6.17,CA,1704157392
386,zeya,53.75,127.2667,-29.169999999999984,98,16,0.82,RU,1704157412
387,gweru,-19.45,29.8167,18.249999999999996,84,7,4.58,ZW,1704157413
388,turaif,31.6725,38.6637,8.140000000000043,87,0,2.57,SA,1704157414
389,meadow lake,34.8014,-106.5436,5.939999999999996,52,100,1.09,US,1704157415
390,ironwood,46.4547,-90.171,-7.5499999999999545,86,0,5.66,US,1704157297
391,n'zeto,-7.2312,12.8666,26.480000000000018,82,100,2.88,AO,1704157416
392,safotu,-13.4513,-172.4018,28.28000000000003,76,94,1.28,WS,1704157417
393,pyapon,16.2833,95.6833,19.870000000000005,81,49,2.06,MM,1704157418
394,mae chan,20.1467,99.8526,16.24000000000001,78,0,0.6,TH,1704157419
395,toliara,-23.35,43.6667,26.200000000000045,80,100,7.48,MG,1704157420
396,santa ana,33.7456,-117.8678,18.91000000000002,52,0,3.09,US,1704157201
397,khandyga,62.6667,135.6,-36.70999999999998,94,98,1.01,RU,1704157422
398,klaksvik,62.2266,-6.589,6.5100000000000495,89,9,10.58,FO,1704157423
399,boca suno,-0.7167,-77.1333,22.920000000000016,98,100,0.99,EC,1704157424
400,westport,41.1415,-73.3579,4.749999999999998,64,75,3.6,US,1704157425
401,hepo,23.4308,115.8299,16.450000000000045,72,5,1.11,CN,1704157425
402,rongelap,11.1635,166.8941,27.82000000000005,73,100,7.78,MH,1704157426
403,gisborne,-38.6533,178.0042,25.78000000000003,38,0,2.61,NZ,1704157427
404,toamasina,-18.1667,49.3833,25.0,94,20,2.06,MG,1704157428
405,calabozo,8.9242,-67.4293,27.620000000000005,57,15,2.31,VE,1704157428
406,dubrovnik,42.6481,18.0922,11.800000000000013,87,75,5.66,HR,1704157429
407,inongo,-1.95,18.2667,23.860000000000014,84,100,2.24,CD,1704157430
408,bereznik,62.8551,42.7072,-31.939999999999966,100,79,0.85,RU,1704157431
409,'ain el bell,34.3438,3.2247,5.620000000000004,89,0,5.72,DZ,1704157431
410,guacimo,10.2104,-83.6807,25.110000000000014,94,36,1.22,CR,1704157432
411,dunbar,38.3606,-81.7374,2.6899999999999995,75,100,3.09,US,1704157433
412,karachi,24.9056,67.0822,12.900000000000034,54,0,2.06,PK,1704157433
413,kayyerkan,69.3786,87.7439,-29.839999999999975,67,70,0.97,RU,1704157434
414,banda aceh,5.5577,95.3222,26.03000000000003,81,100,4.09,ID,1704157435
415,coquimbo,-29.9533,-71.3436,17.850000000000023,77,20,4.12,CL,1704157361
416,ola,59.5833,151.2833,-25.43999999999997,87,18,2.66,RU,1704157436
417,island harbour,50.724,-1.2758,12.860000000000014,94,100,5.81,GB,1704157438
418,santa cruz,-17.8,-63.1667,26.70000000000005,78,25,4.63,BO,1704157208
419,cahul,45.9075,28.1944,8.010000000000048,57,100,6.79,MD,1704157439
420,lazaro cardenas,17.9583,-102.2,24.82000000000005,60,100,2.62,MX,1704157132
421,howrah,22.5892,88.3103,13.0,94,0,2.57,IN,1704157440
422,ambon,-3.6954,128.1814,32.08000000000004,70,40,2.06,ID,1704157441
423,pangoa,-12.1167,-73.0,21.79000000000002,96,100,0.89,PE,1704157443
424,tabuk,17.4189,121.4443,23.640000000000043,87,100,2.18,PH,1704157443
425,ivrea,45.4672,7.8762,6.939999999999999,72,100,1.67,IT,1704157445
426,attingal,8.6833,76.8333,26.820000000000054,78,100,2.35,IN,1704157446
427,kulhudhuffushi,6.6221,73.07,27.350000000000026,77,100,4.06,MV,1704157446
428,port hedland,-20.3167,118.5667,32.03000000000003,70,1,4.12,AU,1704157221
429,saiha,22.4833,92.9667,11.460000000000036,74,0,1.63,IN,1704157448
430,nueva gerona,21.8833,-82.8,20.410000000000025,64,3,4.55,CU,1704157450
431,hammerfest,70.6634,23.6821,-4.75,80,100,3.09,NO,1704157450
432,kailua-kona,19.6406,-155.9956,26.980000000000018,71,75,5.66,US,1704157451
433,tocopilla,-22.092,-70.1979,20.820000000000046,75,28,2.93,CL,1704157453
434,old town,50.087,14.4202,6.1100000000000145,79,0,5.66,CZ,1704157190
435,allapalli,19.4167,80.0667,16.100000000000023,75,6,1.22,IN,1704157455
436,shingu,33.7333,135.9833,11.79000000000002,58,9,0.53,JP,1704157456
437,vorkuta,67.5,64.0,-32.849999999999966,99,8,1.61,RU,1704157457
438,sillod,20.3,75.65,17.75,52,0,2.46,IN,1704157458
439,sao jose do egito,-7.4789,-37.2744,22.06,92,100,3.3,BR,1704157459
440,miagao,10.6442,122.2352,28.540000000000028,73,100,7.0,PH,1704157459
441,gobernador virasora,-28.05,-56.0333,23.890000000000043,94,98,0.45,AR,1704157460
442,domoni,-12.2569,44.5319,27.480000000000015,84,100,3.41,KM,1704157462
443,salinopolis,-0.6136,-47.3561,26.55000000000001,83,100,3.71,BR,1704157463
444,itamaraca,-7.7478,-34.8256,25.030000000000033,76,25,2.98,BR,1704157464
445,hassi messaoud,31.6804,6.0729,8.920000000000014,76,0,1.54,DZ,1704157465
446,urzhar,47.093,81.6294,-1.9399999999999986,76,100,1.39,KZ,1704157466
447,la belgica,-17.55,-63.2167,26.16000000000003,89,20,3.6,BO,1704157467
448,velikiye luki,56.34,30.5452,-14.409999999999968,70,15,4.4,RU,1704157468
449,veinticinco de mayo,-35.4323,-60.1727,15.75,93,4,2.98,AR,1704157469
450,jimenez,28.3333,-105.4,15.54000000000002,15,84,2.77,MX,1704157470
451,olyokminsk,60.3736,120.4264,-14.039999999999964,97,100,1.41,RU,1704157471
452,macau,22.2006,113.5461,19.840000000000032,77,20,5.14,MO,1704157472
453,isangel,-19.55,169.2667,28.710000000000036,70,53,6.47,VU,1704157473
454,foca,38.6703,26.7566,13.75,82,13,4.8,TR,1704157474
455,sola,-13.8833,167.55,27.94,74,93,4.11,VU,1704157475
456,ushtobe,45.2514,77.9838,0.6299999999999962,72,100,2.08,KZ,1704157476
457,guiuan,11.0333,125.7247,28.42000000000002,71,100,5.81,PH,1704157476
458,pak phanang,8.3511,100.202,24.010000000000048,82,85,2.46,TH,1704157477
459,sanya,18.2431,109.505,23.090000000000032,83,40,1.0,CN,1704157479
460,port lavaca,28.615,-96.6261,13.32000000000005,71,75,5.66,US,1704157479
461,estancia,-11.2683,-37.4383,24.740000000000006,85,4,2.62,BR,1704157265
462,puri,19.8,85.85,16.29000000000002,79,0,2.58,IN,1704157296
463,zhuanghe,39.7008,122.9911,-0.6799999999999508,83,100,1.41,CN,1704157482
464,tongchuanshi,35.0806,109.0897,2.670000000000014,33,0,1.77,CN,1704157483
465,chegdomyn,51.1167,133.0167,-20.579999999999984,96,100,0.29,RU,1704157484
466,hohoe,7.1518,0.4736,23.870000000000005,74,0,1.39,GH,1704157485
467,east london,-33.0153,27.9116,20.08000000000004,83,100,5.31,ZA,1704157486
468,tommot,58.9564,126.2925,-20.749999999999975,99,100,0.76,RU,1704157487
469,namie,37.4833,141.0,6.660000000000023,79,25,0.84,JP,1704157488
470,camacupa,-12.0167,17.4833,17.010000000000048,94,100,0.92,AO,1704157488
471,skowhegan,44.7651,-69.7192,-4.689999999999998,86,10,0.51,US,1704157489
472,vernon,50.2581,-119.2691,5.340000000000033,87,100,0.51,CA,1704157290
473,ulsteinvik,62.3432,5.8487,3.4999999999999982,67,75,4.88,NO,1704157491
474,richards bay,-28.783,32.0377,21.439999999999998,89,93,3.14,ZA,1704157491
475,tsirang,27.0219,90.1229,5.879999999999994,72,1,2.38,BT,1704157492
476,beidao,34.5686,105.8933,0.5500000000000129,42,0,0.89,CN,1704157495
477,tumayr,25.7039,45.868,13.56,89,0,3.52,SA,1704157495
478,saint-joseph,-21.3667,55.6167,24.210000000000033,87,100,1.59,RE,1704157496
479,nakasongola,1.3089,32.4564,19.0,93,100,1.16,UG,1704157497
480,tanout,14.9709,8.8879,16.920000000000016,19,77,5.24,NE,1704157498
481,corner brook,48.9667,-57.9484,-6.909999999999968,91,12,1.58,CA,1704157296
482,tabou,4.423,-7.3528,26.750000000000004,82,41,2.82,CI,1704157499
483,katsuren-haebaru,26.3369,127.8719,19.010000000000048,72,10,3.11,JP,1704157502
484,sandnessjoen,66.0217,12.6316,-12.70999999999998,85,15,12.32,NO,1704157503
485,quinte west,44.1834,-77.5662,-2.5499999999999545,74,75,4.12,CA,1704157272
486,queenstown,-31.8976,26.8753,14.720000000000027,95,100,2.09,ZA,1704157504
487,berezovyy,51.6667,135.7,-17.99999999999997,93,98,0.26,RU,1704157505
488,tosontsengel,48.7567,98.2839,-27.22999999999999,95,51,0.62,MN,1704157507
489,spirit lake,43.4222,-95.1022,-1.7199999999999704,76,0,2.24,US,1704157507
490,bikenibeu village,1.3673,173.1241,28.980000000000018,79,75,3.6,KI,1704157508
491,hobyo,5.3505,48.5268,24.82000000000005,76,100,8.33,SO,1704157510
492,zuni pueblo,35.0725,-108.8506,-0.6499999999999773,32,100,2.98,US,1704157511
493,sao joao do paraiso,-15.3136,-42.0144,20.370000000000005,95,100,2.5,BR,1704157512
494,laramie,41.3114,-105.5911,2.7500000000000018,61,0,3.6,US,1704157513
495,nyagan,62.1406,65.3936,-29.159999999999968,99,97,3.16,RU,1704157514
496,andergrove,-21.0833,149.1833,31.470000000000027,70,19,2.93,AU,1704157515
497,fernie,49.5,-115.0687,2.0500000000000105,95,100,0.71,CA,1704157218
498,fria,10.4167,-13.5833,23.450000000000045,88,96,0.91,GN,1704157517
499,jianshui,23.6363,102.8264,11.79000000000002,87,0,0.84,CN,1704157517
500,nili,33.7218,66.1302,1.5500000000000114,45,30,2.29,AF,1704157518
501,andovoranto,-18.95,49.1,25.30000000000001,90,100,1.98,MG,1704157519
502,miracatu,-24.2814,-47.4597,20.30000000000001,98,35,1.18,BR,1704157347
503,listowel,52.4464,-9.485,9.840000000000034,90,100,6.09,IE,1704157522
504,fada,9.5667,8.3,20.53000000000003,24,100,2.39,NG,1704157523
505,upington,-28.4478,21.2561,24.210000000000033,46,0,2.06,ZA,1704157524
506,northam,51.0333,-4.2167,11.879999999999995,97,100,9.09,GB,1704157525
507,concepcion del uruguay,-32.4825,-58.2372,23.470000000000027,62,0,2.73,AR,1704157525
508,port lincoln,-34.7333,135.8667,20.07000000000005,70,100,5.71,AU,1704157526
509,ploudalmezeau,48.5333,-4.65,13.210000000000035,94,100,13.38,FR,1704157527
510,selfoss,63.9331,-20.9971,3.910000000000026,91,100,5.19,IS,1704157528
511,moires,35.0532,24.8744,12.900000000000034,90,60,0.89,GR,1704157529
512,sesvete,45.8311,16.1164,8.270000000000037,93,100,1.03,HR,1704157530
513,villa sandino,12.0483,-84.9936,21.49000000000001,96,13,3.64,NI,1704157531
514,sidi ifni,29.3797,-10.173,17.010000000000048,50,0,1.27,MA,1704157532
515,tsengel,49.4783,100.8894,-19.839999999999975,86,4,2.54,MN,1704157533
516,puerto lempira,15.2667,-83.7667,24.570000000000046,89,40,5.08,HN,1704157534
517,polyarnyy,69.1989,33.4478,-19.849999999999966,98,96,6.07,RU,1704157535
518,shitanjing,39.2342,106.3439,-4.249999999999999,59,16,9.7,CN,1704157536
519,semdinli,37.3051,44.5742,-9.979999999999961,63,100,0.81,TR,1704157537
520,stephenville,32.2207,-98.2023,3.420000000000015,75,0,0.0,US,1704157537
521,luwuk,-0.9516,122.7875,29.700000000000045,73,95,0.87,ID,1704157538
522,lossiemouth,57.7214,-3.2834,3.439999999999996,96,75,3.09,GB,1704157539
523,garissa,-0.4536,39.6401,26.370000000000005,76,91,3.72,KE,1704157541
524,biysk,52.5364,85.2072,-6.609999999999957,88,100,2.99,RU,1704157542
525,beaconsfield,45.4334,-73.8659,-4.259999999999992,71,100,5.66,CA,1704157543
526,bamboo flat,11.7,92.7167,24.05000000000001,94,20,1.03,IN,1704157543
527,peskovka,59.0448,52.3606,-31.81999999999996,100,96,1.12,RU,1704157544
528,bocaiuva,-17.1078,-43.815,21.840000000000032,95,100,2.84,BR,1704157545
529,midvagur,62.0511,-7.1939,6.4600000000000355,87,75,8.75,FO,1704157285
530,thal,35.4791,72.2439,-1.6699999999999586,36,8,3.89,PK,1704157547
531,kenai,60.5544,-151.2583,-3.9699999999999704,74,0,5.66,US,1704157548
532,vallo della lucania,40.2297,15.2658,8.080000000000041,92,100,0.41,IT,1704157549
533,magadan,59.5667,150.8,-25.00999999999999,83,37,2.24,RU,1704157549
534,serra talhada,-7.9919,-38.2983,23.950000000000045,83,31,2.51,BR,1704157396
535,neiafu,-18.65,-173.9833,30.379999999999995,74,20,5.14,TO,1704157551
536,minas de marcona,-15.2119,-75.1103,16.930000000000007,84,100,5.32,PE,1704157552
537,tahe,52.3333,124.7333,-22.309999999999974,91,11,1.56,CN,1704157532
538,suva,-18.1416,178.4415,29.710000000000036,66,75,3.6,FJ,1704157553
539,margate,51.3813,1.3862,11.610000000000014,94,100,5.81,GB,1704157554
540,revda,56.801,59.9303,-22.869999999999973,95,100,3.01,RU,1704157554
541,calama,-22.4667,-68.9333,20.270000000000042,32,0,9.77,CL,1704157555
542,drayton valley,53.2168,-114.9854,-2.579999999999983,79,72,0.59,CA,1704157556
543,olavarria,-36.8927,-60.3225,15.670000000000016,86,0,2.85,AR,1704157307
544,waddan,29.1614,16.139,13.28000000000003,45,12,2.99,LY,1704157558
545,mirny,62.5353,113.9611,-15.449999999999989,98,100,0.53,RU,1704157559
546,ryotsu-minato,38.0833,138.4333,6.620000000000006,65,81,3.08,JP,1704157559
547,mejit,10.2753,170.8646,27.379999999999995,75,100,7.97,MH,1704157560
548,kijang,35.2442,129.2139,4.850000000000022,61,23,2.67,KR,1704157561
549,felixstowe,51.9637,1.3511,10.970000000000029,86,100,6.71,GB,1704157561
550,gao,16.6362,1.637,19.890000000000043,13,34,4.6,ML,1704157562
551,dolinsk,47.35,142.8,-1.6699999999999586,76,96,2.16,RU,1704157563
552,salalah,17.0151,54.0924,23.05000000000001,78,0,1.54,OM,1704157499
553,sur,22.5667,59.5289,21.74000000000001,61,1,2.2,OM,1704157565
554,bria,6.5423,21.9863,20.330000000000044,31,6,2.11,CF,1704157566
555,port douglas,-16.4833,145.4667,29.340000000000032,71,15,3.09,AU,1704157286
556,hadibu,12.65,54.0333,23.920000000000016,73,66,4.5,YE,1704157568
557,nyurba,63.2842,118.3319,-19.29999999999998,98,100,3.03,RU,1704157569
558,coronel dorrego,-38.7187,-61.2873,21.379999999999995,55,100,4.79,AR,1704157570
559,ballina,-28.8667,153.5667,24.320000000000054,81,100,6.12,AU,1704157572
560,fort bragg,35.139,-79.006,7.750000000000002,48,40,3.6,US,1704157573
561,auki,-8.7676,160.7034,31.110000000000014,65,99,1.68,SB,1704157573
562,armacao de buzios,-22.7469,-41.8817,23.03000000000003,86,100,1.59,BR,1704157575
563,jiwani,25.05,61.7417,23.160000000000025,64,80,3.94,PK,1704157575
564,mogocha,53.7333,119.7667,-22.35999999999999,96,100,0.76,RU,1704157576
565,tara,56.8944,74.371,-1.1099999999999572,95,100,4.34,RU,1704157577
566,nabire,-3.3667,135.4833,27.770000000000042,77,89,1.23,ID,1704157578
567,al qitena,14.8648,32.3668,20.38,27,0,5.98,SD,1704157579
568,srandakan,-7.9386,110.2506,28.020000000000035,81,100,1.86,ID,1704157580
569,massawa,15.6097,39.45,25.560000000000006,78,11,1.26,ER,1704157581
570,saint croix,17.7397,-64.7388,25.25,80,20,4.12,VI,1704157582
571,beytussebap,37.5694,43.1681,0.7100000000000348,64,96,1.9,TR,1704157583
572,casino,-28.8667,153.05,24.20000000000005,87,100,3.54,AU,1704157584
573,kontiolahti,62.7602,29.8471,-27.029999999999973,76,0,2.06,FI,1704157585
574,monte san giusto,43.2358,13.5953,8.189999999999998,69,99,0.83,IT,1704157586
575,kiknur,57.3034,47.2011,-23.43999999999997,96,100,1.51,RU,1704157589
576,prince rupert,54.3161,-130.3201,5.830000000000039,85,100,7.2,CA,1704157590
577,zhanaozen,43.3,52.8,-0.6299999999999962,84,1,0.48,KZ,1704157590
578,sao gabriel da cachoeira,-0.1303,-67.0892,24.689999999999998,92,100,0.5,BR,1704157591
579,nova sintra,14.8667,-24.7167,22.100000000000023,65,100,7.01,CV,1704157595
580,walvis bay,-22.9575,14.5053,17.53000000000003,88,2,2.06,NA,1704157595
581,irece,-11.3042,-41.8558,24.310000000000006,70,85,0.1,BR,1704157596
582,mandideep,23.0817,77.5333,13.490000000000009,70,0,1.63,IN,1704157597
583,kudahuvadhoo,2.6708,72.8944,27.100000000000023,80,67,2.6,MV,1704157598
584,arkhangel'sk,64.5401,40.5433,-21.939999999999973,84,40,3.0,RU,1704157599
585,zhezqazghan,47.7833,67.7667,-1.679999999999949,86,75,10.0,KZ,1704157600
586,shahrud,36.4182,54.9763,3.3500000000000245,62,0,1.46,IR,1704157601
587,puerto carreno,6.189,-67.4859,29.150000000000027,56,100,5.42,CO,1704157602
588,peterborough,52.5736,-0.2478,11.29000000000002,100,100,7.2,GB,1704157488
589,temara,33.9287,-6.9066,14.470000000000027,100,24,0.0,MA,1704157603
590,okhotsk,59.3833,143.3,-26.039999999999964,79,100,2.53,RU,1704157604
591,pangody,65.85,74.4859,-30.54999999999998,93,9,4.25,RU,1704157605
592,filadelfia,39.9523,-75.1638,6.230000000000019,76,100,0.45,US,1704157315
593,selkirk,50.1436,-96.8845,-3.7899999999999636,91,85,0.45,CA,1704157539
594,broome,42.2506,-75.833,-1.8299999999999845,86,100,4.12,US,1704157607
